AAIT,0
AAL,13
AAME,1
AAOI,2
AAON,1
AAPL,750
AAVL,0
AAWW,0
AAXJ,0
ABAC,0
ABAX,0
ABCB,0
ABCD,22
ABCO,0
ABCW,0
ABDC,0
ABGB,0
ABIO,22
ABMD,1
ABTL,0
ABY,1
ACAD,5
ACAS,0
ACAT,1
ACET,1
ACFC,0
ACFN,0
ACGL,0
ACHC,3
ACHN,10
ACIW,0
ACLS,0
ACNB,0
ACOR,1
ACPW,0
ACRX,31
ACSF,0
ACST,14
ACTA,0
ACTG,0
ACTS,0
ACUR,0
ACWI,0
ACWX,0
ACXM,0
ADAT,0
ADBE,34
ADEP,0
ADES,0
ADHD,2
ADI,1
ADMA,6
ADMP,4
ADMS,2
ADNC,0
ADP,2
ADRA,0
ADRD,0
ADRE,0
ADRU,0
ADSK,2
ADTN,0
ADUS,1
ADVS,0
ADXS,7
ADXSW,0
AEGN,0
AEGR,0
AEHR,0
AEIS,0
AEPI,0
AERI,0
AETI,22
AEY,0
AEZS,4
AFAM,0
AFCB,0
AFFX,0
AFH,3
AFMD,8
AFOP,0
AFSI,0
AGEN,21
AGII,0
AGIIL,0
AGIO,0
AGNC,1
AGNCB,0
AGNCP,0
AGND,0
AGRX,12
AGTC,0
AGYS,0
AGZD,0
AHGP,0
AHPI,0
AIMC,0
AINV,0
AIQ,0
AIRM,0
AIRR,0
AIRT,0
AIXG,0
AKAM,4
AKAO,8
AKBA,0
AKER,247
AKRX,13
ALCO,0
ALDR,0
ALDX,3
ALGN,11
ALGT,3
ALIM,0
ALKS,1
ALLB,0
ALLT,0
ALNY,0
ALOG,0
ALOT,26
ALQA,40
ALSK,0
ALTR,6
ALXA,0
ALXN,1
AMAG,5
AMAT,31
AMBA,3
AMBC,0
AMBCW,0
AMCC,0
AMCF,0
AMCN,0
AMCX,0
AMD,3809
AMDA,2
AMED,2
AMGN,5
AMIC,0
AMKR,1
AMNB,0
AMOT,0
AMOV,0
AMPH,0
AMRB,0
AMRI,0
AMRK,0
AMRN,69
AMRS,21
AMSC,0
AMSF,0
AMSG,0
AMSGP,0
AMSWA,0
AMTX,18
AMWD,0
AMZN,611
ANAC,0
ANAD,0
ANAT,0
ANCB,0
ANCI,0
ANCX,0
ANDE,0
ANGI,1
ANGO,0
ANIK,0
ANIP,0
ANSS,0
ANTH,14
ANY,97
AOSL,0
APAGF,0
APDN,9
APDNW,0
APEI,0
APOG,0
APOL,0
APPY,2
APRI,3
APSA,0
APTO,1
APWC,0
AQXP,0
ARAY,1
ARCB,0
ARCC,0
ARCI,17
ARCP,0
ARCPP,0
ARCW,1
ARDM,7
ARDX,1
AREX,0
ARGS,1
ARIA,0
ARII,0
ARIS,0
ARKR,0
ARLP,1
ARMH,0
ARNA,4
AROW,0
ARQL,56
ARRS,0
ARRY,12
ARTNA,0
ARTW,2
ARTX,0
ARUN,0
ARWR,22
ASBB,0
ASBI,0
ASCMA,6
ASEI,0
ASFI,0
ASMB,0
ASMI,0
ASML,0
ASNA,11
ASPS,0
ASPX,0
ASRV,0
ASRVP,0
ASTC,5
ASTE,0
ASTI,0
ASUR,1
ASYS,0
ATAI,8
ATAX,0
ATEA,0
ATEC,0
ATHN,0
ATHX,3
ATLC,0
ATLO,0
ATML,0
ATNI,0
ATNY,0
ATOS,34
ATRA,39
ATRC,1
ATRI,0
ATRM,0
ATRO,0
ATRS,5
ATSG,0
ATTU,1
ATVI,63
AUBN,0
AUDC,1
AUMA,0
AUMAU,0
AUMAW,0
AUPH,1
AUXL,0
AVAV,39
AVEO,17
AVGO,5
AVHI,0
AVID,0
AVNR,0
AVNW,0
AWAY,13
AWRE,0
AXAS,1
AXDX,1
AXGN,1
AXJS,0
AXPW,0
AXPWW,0
AXTI,0
AZPN,0
BABY,136
BAGR,0
BAMM,0
BANF,0
BANFP,0
BANR,0
BANX,0
BASI,0
BBBY,9
BBC,1
BBCN,0
BBEP,0
BBEPP,0
BBGI,0
BBLU,0
BBNK,0
BBOX,9
BBP,0
BBRG,0
BBRY,0
BBSI,0
BCBP,0
BCLI,0
BCOM,1
BCOR,0
BCOV,0
BCPC,0
BCRX,1
BDBD,0
BDCV,0
BDE,0
BDGE,0
BDMS,0
BDSI,3
BEAT,13
BEAV,0
BEBE,0
BECN,3
BELFA,0
BELFB,0
BFIN,0
BGCP,0
BGFV,2
BGMD,0
BHBK,0
BIB,1
BICK,0
BIDU,38
BIIB,3
BIND,0
BIOC,64
BIOD,0
BIOL,2
BIOS,3
BIRT,0
BIS,1
BJRI,1
BKCC,0
BKEP,1
BKEPP,0
BKMU,0
BKSC,0
BKYF,0
BLCM,13
BLDP,2
BLDR,1
BLFS,1
BLIN,33
BLKB,1
BLMN,0
BLMT,0
BLRX,3
BLUE,11
BLVD,0
BLVDU,0
BLVDW,0
BMRC,0
BMRN,0
BMTC,0
BNCL,0
BNCN,0
BNDX,0
BNFT,1
BNSO,0
BOBE,0
BOCH,0
BOFI,0
BOKF,0
BONA,0
BONT,0
BOOM,168
BOSC,3
BOTA,0
BOTJ,0
BPFH,0
BPFHP,0
BPFHW,0
BPOP,0
BPOPM,0
BPOPN,0
BPTH,14
BRCD,0
BRCM,0
BRDR,0
BREW,4
BRID,0
BRKL,1
BRKR,0
BRKS,0
BRLI,0
BSDM,0
BSET,0
BSF,0
BSFT,0
BSPM,3
BSQR,0
BSRR,0
BSTC,0
BTUI,0
BUR,1
BUSE,0
BV,0
BVA,0
BVSN,0
BWEN,0
BWFG,0
BWINA,0
BWINB,0
BWLD,0
BYBK,0
BYFC,1
BYLK,0
CA,76
CAAS,0
CAC,0
CACB,0
CACC,0
CACG,0
CACGU,0
CACGW,0
CACH,0
CACQ,0
CADC,3
CADT,0
CADTR,0
CADTU,0
CADTW,0
CAKE,2
CALA,3
CALD,0
CALI,12
CALL,32
CALM,2
CAMB,0
CAMBU,0
CAMBW,0
CAMP,0
CAMT,1
CAPN,0
CAPNW,0
CAR,80
CARA,10
CARB,0
CARO,0
CART,0
CARV,5
CARZ,0
CASH,17
CASI,0
CASM,0
CASS,1
CASY,1
CATM,0
CATY,0
CATYW,0
CAVM,0
CBAK,0
CBAN,0
CBAY,3
CBDE,0
CBF,0
CBFV,0
CBIN,0
CBLI,0
CBMG,0
CBMX,0
CBNJ,0
CBNK,0
CBOE,5
CBPO,0
CBRL,0
CBRX,0
CBSH,0
CBSHP,0
CBST,0
CBSTZ,0
CCBG,0
CCCL,18
CCCR,0
CCIH,1
CCLP,0
CCMP,0
CCNE,0
CCOI,0
CCRN,2
CCUR,0
CCXI,3
CDC,3
CDK,0
CDNA,20
CDNS,1
CDTI,4
CDW,0
CDXS,0
CDZI,0
CECE,0
CECO,0
CELG,5
CELGZ,0
CEMI,0
CEMP,0
CENT,3
CENTA,0
CENX,10
CERE,0
CERN,0
CERS,2
CERU,0
CETV,0
CEVA,0
CFA,2
CFBK,0
CFFI,0
CFFN,0
CFGE,0
CFNB,0
CFNL,0
CFO,22
CFRX,3
CFRXW,0
CFRXZ,0
CG,10
CGEN,0
CGIX,2
CGNX,0
CGO,0
CHCI,2
CHCO,0
CHDN,1
CHEF,2
CHEV,0
CHFC,0
CHFN,0
CHI,2
CHKE,0
CHKP,0
CHLN,0
CHMG,0
CHNR,0
CHOP,0
CHRS,3
CHRW,0
CHSCM,0
CHSCN,0
CHSCO,0
CHSCP,0
CHTR,0
CHUY,1
CHW,0
CHXF,0
CHY,0
CHYR,0
CIDM,0
CIFC,0
CIMT,0
CINF,0
CISAW,0
CISG,0
CIZ,0
CIZN,0
CJJD,1
CKEC,0
CKSW,0
CLAC,0
CLACU,0
CLACW,0
CLBH,0
CLCT,0
CLDN,0
CLDX,4
CLFD,0
CLIR,26
CLMS,0
CLMT,0
CLNE,2
CLNT,0
CLRB,29
CLRBW,0
CLRO,6
CLRX,0
CLSN,1
CLTX,0
CLUB,2
CLVS,5
CLWT,5
CMCO,0
CMCSA,4
CMCSK,0
CMCT,0
CME,15
CMFN,0
CMGE,0
CMLS,0
CMPR,0
CMRX,0
CMSB,0
CMTL,0
CNAT,4
CNBKA,0
CNCE,33
CNDO,0
CNET,6
CNIT,0
CNLM,0
CNLMR,0
CNLMU,0
CNLMW,0
CNMD,0
CNOB,0
CNSI,0
CNSL,24
CNTF,0
CNTY,0
CNV,0
CNXR,0
CNYD,0
COB,0
COBK,0
COBZ,0
COCO,0
COHR,0
COHU,3
COKE,8
COLB,0
COLM,0
COMM,5
COMT,0
CONE,0
CONN,2
COOL,7
CORE,0
CORI,1
CORT,5
COSI,0
COST,30
COVS,0
COWN,0
COWNL,0
CPAH,2
CPGI,0
CPHC,0
CPHD,0
CPHR,0
CPIX,0
CPLA,0
CPLP,0
CPRT,2
CPRX,19
CPSI,0
CPSS,0
CPST,3
CPTA,0
CPXX,0
CRAI,0
CRAY,4
CRDC,0
CRDS,0
CRDT,0
CREE,5
CREG,10
CRESW,0
CRESY,1
CRIS,1
CRME,1
CRMT,0
CRNT,0
CROX,96
CRRC,0
CRRS,0
CRTN,0
CRTO,0
CRUS,2
CRVL,0
CRWN,0
CRWS,0
CRZO,7
CSBK,0
CSCD,0
CSCO,25
CSF,0
CSFL,0
CSGP,4
CSGS,0
CSII,1
CSIQ,0
CSOD,1
CSPI,0
CSQ,0
CSRE,0
CSTE,0
CSUN,0
CSWC,1
CTAS,0
CTBI,0
CTCM,0
CTCT,0
CTG,0
CTHR,1
CTIB,0
CTIC,0
CTRE,1
CTRL,4
CTRN,0
CTRP,0
CTRX,0
CTSH,0
CTSO,0
CTWS,0
CTXS,0
CU,0
CUBA,0
CUI,5
CUNB,0
CUTR,3
CVBF,0
CVCO,0
CVCY,0
CVGI,0
CVGW,0
CVLT,0
CVLY,0
CVTI,0
CVV,0
CWAY,0
CWBC,0
CWCO,0
CWST,0
CXDC,0
CY,208
CYAN,0
CYBE,0
CYBR,5
CYBX,0
CYCC,7
CYCCP,1
CYHHZ,0
CYNO,0
CYOU,2
CYRN,0
CYTK,0
CYTR,0
CYTX,0
CZFC,0
CZNC,0
CZR,8
CZWI,0
DAEG,0
DAIO,7
DAKT,0
DARA,0
DATE,2
DAVE,0
DAX,2
DBVT,0
DCIX,26
DCOM,0
DCTH,0
DENN,1
DEPO,0
DERM,2
DEST,0
DFRG,2
DFVL,0
DFVS,0
DGAS,7
DGICA,0
DGICB,0
DGII,0
DGLD,7
DGLY,0
DGRE,0
DGRS,0
DGRW,0
DHIL,0
DHRM,0
DIOD,0
DISCA,5
DISCB,0
DISCK,1
DISH,1
DJCO,0
DLBL,0
DLBS,0
DLHC,0
DLTR,3
DMLP,0
DMND,0
DMRC,0
DNBF,0
DNKN,1
DORM,1
DOVR,0
DOX,0
DPRX,0
DRAD,1
DRAM,7
DRIV,0
DRNA,4
DRRX,5
DRWI,0
DRWIW,0
DRYS,14
DSCI,0
DSCO,0
DSGX,0
DSKX,0
DSKY,0
DSLV,122
DSPG,0
DSWL,0
DTLK,0
DTSI,0
DTUL,0
DTUS,0
DTV,1
DTYL,0
DTYS,0
DVAX,34
DVCR,0
DWA,0
DWAT,0
DWCH,0
DWSN,0
DXCM,3
DXGE,0
DXJS,0
DXKW,0
DXLG,0
DXM,0
DXPE,0
DXPS,0
DXYN,0
DYAX,0
DYNT,0
DYSL,0
EA,67
EAC,0
EARS,59
EBAY,11
EBIO,7
EBIX,0
EBMT,0
EBSB,0
EBTC,0
ECHO,0
ECOL,0
ECPG,0
ECTE,0
ECYT,31
EDAP,0
EDGW,0
EDS,0
EDUC,0
EEFT,0
EEI,0
EEMA,0
EEME,0
EEML,0
EFII,0
EFOI,1
EFSC,0
EFUT,0
EGAN,11
EGBN,0
EGHT,3
EGLE,1
EGLT,0
EGOV,0
EGRW,0
EGRX,0
EGT,0
EHTH,0
EIGI,1
ELGX,1
ELNK,0
ELON,33
ELOS,0
ELRC,0
ELSE,7
ELTK,48
EMCB,0
EMCF,0
EMCG,0
EMCI,0
EMDI,0
EMEY,0
EMIF,0
EMITF,0
EMKR,0
EML,0
EMMS,0
EMMSP,0
ENDP,4
ENFC,0
ENG,2
ENOC,0
ENPH,55
ENSG,0
ENT,16
ENTA,0
ENTG,5
ENTR,0
ENVI,0
ENZN,0
ENZY,0
EOPN,0
EPAX,0
EPAY,0
EPIQ,0
EPRS,0
EPZM,1
EQIX,0
ERI,1
ERIC,17
ERIE,0
ERII,0
EROC,0
ERS,1
ERW,0
ESBF,0
ESBK,0
ESCA,0
ESCR,0
ESCRP,0
ESEA,8
ESGR,0
ESIO,3
ESLT,0
ESMC,0
ESPR,1
ESRX,0
ESSA,3
ESSX,0
ESXB,0
ESYS,0
ETFC,0
ETRM,0
EUFN,0
EVAL,0
EVAR,0
EVBS,0
EVEP,1
EVK,0
EVLV,2
EVOK,2
EVOL,0
EVRY,0
EWBC,0
EXA,0
EXAC,0
EXAS,4
EXEL,7
EXFO,0
EXLP,0
EXLS,0
EXPD,0
EXPE,2
EXPO,0
EXTR,3
EXXI,0
EYES,7
EZCH,0
EZPW,0
FALC,0
FANG,34
FARM,0
FARO,0
FAST,11
FATE,13
FB,1017
FBIZ,0
FBMS,0
FBNC,0
FBNK,0
FBRC,0
FBSS,0
FCAP,0
FCBC,0
FCCO,0
FCCY,0
FCEL,7
FCFS,0
FCHI,0
FCLF,0
FCNCA,0
FCS,0
FCSC,3
FCTY,0
FCVA,0
FCZA,0
FCZAP,0
FDEF,0
FDIV,0
FDML,0
FDUS,0
FEIC,0
FEIM,0
FELE,0
FEMB,0
FES,0
FEUZ,0
FEYE,8
FFBC,0
FFBCW,0
FFHL,4
FFIC,0
FFIN,0
FFIV,0
FFKT,0
FFNM,0
FFNW,0
FFWM,0
FGEN,0
FHCO,0
FIBK,0
FINL,0
FISH,1
FISI,0
FISV,1
FITB,2
FITBI,0
FIVE,6
FIVN,0
FIZZ,0
FLAT,3
FLDM,1
FLEX,1
FLIC,0
FLIR,0
FLL,0
FLML,0
FLWS,0
FLXN,0
FLXS,0
FMB,0
FMBH,0
FMBI,0
FMER,0
FMI,0
FMNB,0
FNBC,0
FNFG,0
FNGN,0
FNHC,0
FNJN,1
FNLC,0
FNRG,0
FNSR,0
FOLD,0
FOMX,1
FONE,0
FONR,0
FORD,11
FORM,2
FORR,0
FORTY,0
FOSL,6
FOX,17
FOXA,2
FOXF,0
FPRX,0
FPXI,0
FRAN,17
FRBA,0
FRBK,0
FRED,13
FREE,16
FRGI,0
FRME,0
FRP,0
FRPH,0
FRPHV,0
FRPT,1
FRSH,0
FSAM,0
FSBK,0
FSBW,0
FSC,0
FSCFL,0
FSFG,0
FSFR,0
FSGI,0
FSLR,8
FSNN,0
FSRV,0
FSTR,0
FSYS,0
FTCS,0
FTD,4
FTEK,0
FTGC,0
FTHI,0
FTLB,0
FTNT,1
FTR,26
FTSL,0
FTSM,0
FUEL,1
FULL,6
FULLL,0
FULT,0
FUNC,0
FUND,1
FV,2
FWM,0
FWP,1
FWRD,0
FXCB,0
FXEN,0
FXENP,0
GABC,0
GAI,0
GAIA,1
GAIN,7
GAINO,0
GAINP,0
GALE,0
GALT,8
GALTU,0
GALTW,0
GAME,7
GARS,0
GASS,0
GBCI,0
GBDC,0
GBIM,0
GBLI,0
GBNK,0
GBSN,0
GCBC,0
GCVRZ,0
GDEF,0
GENC,0
GENE,11
GEOS,0
GERN,89
GEVA,0
GEVO,43
GFED,0
GFN,1
GFNCP,0
GFNSL,0
GGAC,0
GGACR,0
GGACU,0
GGACW,0
GGAL,0
GHDX,0
GIFI,0
GIGA,0
GIGM,0
GIII,0
GILD,3
GILT,0
GK,0
GKNT,0
GLAD,1
GLADO,0
GLBS,8
GLBZ,0
GLDC,0
GLDD,0
GLDI,0
GLMD,4
GLNG,3
GLPI,0
GLRE,0
GLRI,0
GLUU,19
GLYC,7
GMAN,1
GMCR,0
GMLP,4
GNBC,0
GNCA,13
GNCMA,0
GNMA,0
GNMK,0
GNTX,1
GNVC,0
GOGO,12
GOLD,72
GOMO,0
GOOD,109
GOODN,0
GOODO,0
GOODP,0
GOOG,69
GOOGL,44
GPIC,1
GPOR,0
GPRE,0
GPRO,94
GRBK,0
GRFS,0
GRID,1
GRIF,0
GRMN,2
GROW,3
GRPN,11
GRVY,2
GSBC,0
GSIG,0
GSIT,0
GSM,4
GSOL,0
GSVC,0
GT,14
GTIM,0
GTIV,0
GTLS,0
GTWN,0
GTXI,21
GUID,0
GULF,1
GULTU,0
GURE,0
GWGH,0
GWPH,8
GYRO,0
HA,9
HABT,1
HAFC,0
HAIN,0
HALL,1
HALO,0
HART,1
HAS,204
HAWK,1
HAWKB,0
HAYN,0
HBAN,0
HBANP,0
HBCP,0
HBHC,0
HBIO,0
HBK,0
HBMD,0
HBNC,0
HBNK,0
HBOS,0
HBP,0
HCAC,0
HCACU,0
HCACW,0
HCAP,0
HCBK,0
HCCI,0
HCKT,0
HCOM,0
HCSG,2
HCT,0
HDNG,0
HDP,2
HDRA,0
HDRAR,0
HDRAU,0
HDRAW,0
HDS,0
HDSN,0
HEAR,92
HEES,0
HELE,0
HEOP,0
HERO,1
HFBC,0
HFBL,0
HFFC,0
HFWA,0
HGSH,0
HIBB,1
HIFS,0
HIHO,2
HIIQ,4
HILL,0
HIMX,10
HKTV,0
HLIT,0
HLSS,0
HMHC,0
HMIN,0
HMNF,0
HMNY,106
HMPR,0
HMST,0
HMSY,0
HMTV,0
HNH,0
HNNA,0
HNRG,0
HNSN,0
HOFT,0
HOLI,1
HOLX,0
HOMB,0
HOTR,0
HOTRW,0
HOVNP,1
HPJ,3
HPTX,0
HQY,1
HRTX,4
HRZN,0
HSGX,16
HSIC,1
HSII,0
HSKA,0
HSNI,0
HSOL,0
HSON,0
HSTM,0
HTBI,0
HTBK,0
HTBX,8
HTCH,0
HTHT,1
HTLD,0
HTLF,0
HTWO,0
HTWR,0
HUBG,0
HURC,0
HURN,0
HWAY,0
HWBK,0
HWCC,0
HWKN,0
HYGS,0
HYLS,0
HYND,0
HYZD,0
HZNP,1
IACI,0
IART,0
IBB,27
IBCA,0
IBCP,0
IBKC,0
IBKR,5
IBOC,0
IBTX,0
ICAD,2
ICCC,0
ICEL,0
ICFI,0
ICLD,1
ICLDW,0
ICLN,0
ICLR,0
ICON,1
ICPT,7
ICUI,0
IDCC,0
IDRA,0
IDSA,0
IDSY,1
IDTI,0
IDXX,0
IEP,1
IESC,0
IEUS,0
IFAS,0
IFEU,0
IFGL,0
IFNA,0
IFON,2
IFV,0
IGLD,4
IGOV,0
IGTE,0
III,3
IIIN,0
IIJI,0
IILG,0
IIN,1
IIVI,2
IKAN,0
IKGH,0
IKNX,0
ILMN,0
IMDZ,4
IMGN,6
IMI,0
IMKTA,0
IMMR,2
IMMU,6
IMMY,1
IMNP,0
IMOS,0
IMRS,0
INAP,0
INBK,0
INCR,0
INCY,1
INDB,0
INDY,0
INFA,0
INFI,2
INFN,1
INGN,0
ININ,0
INNL,0
INO,3
INOD,0
INPH,0
INSM,3
INSY,6
INTC,83
INTG,0
INTL,7
INTLL,0
INTU,10
INTX,0
INVE,0
INVT,5
INWK,2
IOSP,0
IPAR,0
IPAS,3
IPCC,0
IPCI,6
IPCM,0
IPDN,0
IPGP,1
IPHS,0
IPKW,0
IPWR,2
IPXL,0
IQNT,0
IRBT,7
IRDM,12
IRDMB,0
IRDMZ,0
IRG,0
IRIX,0
IRMD,0
IROQ,0
IRWD,1
ISBC,0
ISCA,0
ISHG,0
ISIG,0
ISIL,0
ISIS,6
ISLE,0
ISM,7
ISNS,0
ISRG,3
ISRL,0
ISSC,0
ISSI,0
ISTR,0
ITCI,1
ITIC,0
ITRI,0
ITRN,0
IVAC,3
IVAN,0
IXYS,0
JACK,1
JACQ,0
JACQU,0
JACQW,0
JAKK,0
JASN,0
JASNW,0
JASO,0
JAXB,0
JAZZ,0
JBHT,3
JBLU,3
JBSS,0
JCOM,0
JCS,0
JCTCF,0
JD,52
JDSU,0
JGBB,0
JIVE,0
JJSF,0
JKHY,0
JMBA,0
JOBS,0
JOEZ,0
JOUT,0
JRJC,0
JRVR,0
JSM,0
JST,3
JTPY,2
JUNO,0
JVA,0
JXSB,0
JYNT,0
KALU,0
KANG,0
KBAL,0
KBIO,0
KBSF,4
KCAP,0
KCLI,0
KE,0
KELYA,0
KELYB,0
KEQU,0
KERX,1
KEYW,0
KFFB,0
KFRC,0
KFX,0
KGJI,0
KIN,0
KINS,0
KIRK,1
KITE,0
KLAC,3
KLIC,0
KLXI,0
KMDA,0
KNDI,2
KONA,0
KONE,5
KOOL,1
KOPN,0
KOSS,0
KPTI,6
KRFT,0
KRNY,0
KTCC,0
KTEC,0
KTOS,20
KTWO,0
KUTV,0
KVHI,0
KWEB,1
KYTH,0
KZ,0
LABC,0
LABL,0
LACO,0
LAKE,0
LALT,0
LAMR,0
LANC,0
LAND,3
LARK,0
LAWS,0
LAYN,0
LBAI,0
LBIX,0
LBRDA,0
LBRDK,0
LBRKR,0
LBTYA,5
LBTYB,0
LBTYK,0
LCNB,0
LCUT,0
LDRH,0
LDRI,0
LE,3
LECO,0
LEDS,2
LEVY,1
LEVYU,0
LEVYW,0
LFUS,0
LFVN,0
LGCY,24
LGCYO,0
LGCYP,0
LGIH,0
LGND,1
LHCG,0
LIME,0
LINC,0
LINE,13
LION,1
LIOX,0
LIQD,0
LIVE,84
LJPC,8
LKFN,0
LKQ,0
LLEX,4
LLNW,0
LLTC,0
LMAT,7
LMBS,0
LMCA,0
LMCB,0
LMCK,0
LMIA,0
LMNR,0
LMNS,0
LMNX,0
LMOS,0
LMRK,0
LNBB,0
LNCE,0
LNCO,0
LNDC,0
LOAN,2
LOCM,0
LOCO,9
LOGI,0
LOGM,0
LOJN,0
LONG,51
LOOK,37
LOPE,0
LORL,0
LOXO,3
LPCN,7
LPHI,0
LPLA,0
LPNT,0
LPSB,0
LPSN,0
LPTH,0
LPTN,0
LQDT,0
LRAD,0
LRCX,5
LSBK,0
LSCC,2
LSTR,0
LTBR,5
LTRE,0
LTRPA,0
LTRPB,0
LTRX,1
LTXB,0
LULU,34
LUNA,1
LVNTA,0
LVNTB,0
LWAY,0
LXRX,2
LYTS,0
MACK,1
MAG,0
MAGS,0
MAMS,0
MANH,0
MANT,0
MAR,9
MARA,21
MARK,27
MARPS,0
MASI,0
MAT,4
MATR,1
MATW,0
MAYS,0
MBCN,0
MBFI,0
MBFIP,0
MBII,1
MBLX,0
MBRG,0
MBSD,0
MBTF,0
MBUU,1
MBVT,0
MBWM,0
MCBC,0
MCBK,0
MCEP,0
MCGC,0
MCHP,10
MCHX,0
MCOX,0
MCRI,0
MCRL,0
MCUR,0
MDAS,0
MDCA,0
MDCO,2
MDIV,0
MDLZ,0
MDM,0
MDRX,1
MDSO,0
MDSY,0
MDVN,0
MDVXU,0
MDWD,2
MDXG,4
MEET,8
MEIL,0
MEILW,0
MEILZ,0
MEIP,0
MELA,0
MELI,2
MELR,0
MEMP,0
MENT,0
MEOH,0
MERC,0
MERU,0
METR,0
MFI,8
MFLX,0
MFNC,0
MFRI,0
MFRM,0
MFSF,0
MGCD,0
MGEE,0
MGI,1
MGIC,0
MGLN,0
MGNX,3
MGPI,0
MGRC,0
MGYR,0
MHGC,0
MHLD,0
MHLDO,0
MICT,1
MICTW,0
MIDD,0
MIFI,0
MIK,9
MIND,4
MINI,1
MITK,0
MITL,1
MKSI,0
MKTO,0
MKTX,0
MLAB,0
MLHR,0
MLNK,0
MLNX,2
MLVF,0
MMAC,0
MMLP,0
MMSI,0
MMYT,2
MNDL,0
MNDO,0
MNGA,157
MNKD,0
MNOV,2
MNRK,0
MNRO,1
MNST,17
MNTA,0
MNTX,0
MOBI,0
MOBL,0
MOCO,0
MOFG,0
MOKO,0
MOLG,0
MOMO,25
MORN,0
MOSY,14
MPAA,2
MPB,0
MPEL,0
MPET,0
MPWR,0
MRCC,0
MRCY,4
MRD,0
MRGE,0
MRKT,1
MRLN,0
MRNS,5
MRTN,0
MRTX,3
MRVC,0
MRVL,10
MSBF,0
MSCC,0
MSEX,1
MSFG,0
MSFT,270
MSG,1
MSLI,0
MSON,0
MSTR,0
MTBC,1
MTEX,0
MTGE,0
MTGEP,0
MTLS,0
MTRX,1
MTSC,0
MTSI,0
MTSL,8
MTSN,0
MU,459
MULT,0
MVIS,5
MWIV,0
MXIM,0
MXWL,3
MYGN,0
MYL,5
MYOS,9
MYRG,0
MZOR,1
NAII,0
NAME,4
NANO,1
NATH,1
NATI,0
NATL,0
NATR,0
NAUH,5
NAVG,0
NAVI,0
NBBC,0
NBIX,0
NBN,0
NBS,0
NBTB,0
NBTF,0
NCIT,0
NCLH,0
NCMI,2
NCTY,2
NDAQ,5
NDLS,24
NDRM,0
NDSN,0
NECB,0
NEO,3
NEOG,0
NEON,0
NEOT,0
NEPT,17
NERV,4
NETE,14
NEWP,0
NEWS,33
NEWT,0
NFBK,0
NFEC,5
NFLX,246
NGHC,0
NGHCP,0
NHTB,0
NICE,37
NICK,0
NILE,0
NKSH,0
NKTR,28
NLNK,0
NLST,2
NMIH,0
NMRX,0
NNBR,0
NPBC,0
NPSP,0
NRCIA,0
NRCIB,0
NRIM,0
NRX,0
NSEC,0
NSIT,0
NSPH,0
NSSC,0
NSTG,1
NSYS,5
NTAP,1
NTCT,0
NTES,0
NTGR,0
NTIC,0
NTK,0
NTLS,0
NTRI,1
NTRS,0
NTRSP,0
NTWK,0
NUAN,0
NURO,1
NUTR,0
NUVA,0
NVAX,15
NVCN,46
NVDA,404
NVDQ,0
NVEC,0
NVEE,0
NVEEW,0
NVFY,0
NVGN,0
NVMI,0
NVSL,0
NWBI,0
NWBO,0
NWBOW,0
NWFL,0
NWLI,0
NWPX,0
NWS,0
NWSA,0
NXPI,0
NXST,0
NXTD,3
NXTDW,0
NXTM,0
NYMT,1
NYMTP,0
NYMX,0
NYNY,0
OBAS,0
OBCI,0
OCC,1
OCFC,0
OCLR,8
OCLS,0
OCRX,0
OCUL,4
ODFL,0
ODP,1
OFED,0
OFIX,0
OFLX,0
OFS,0
OGXI,0
OHAI,0
OHGI,5
OHRP,3
OIIM,0
OKSB,0
OLBK,0
OLED,20
OMAB,0
OMCL,0
OMED,5
OMER,2
OMEX,2
ONB,0
ONCY,0
ONEQ,0
ONFC,0
ONNN,1
ONTX,5
ONTY,0
ONVI,0
OPB,0
OPHC,1
OPHT,0
OPOF,0
OPTT,23
OPXA,0
ORBC,0
ORBK,0
OREX,0
ORIG,0
ORIT,0
ORLY,2
ORMP,0
ORPN,3
ORRF,0
OSBC,0
OSBCP,0
OSHC,0
OSIR,3
OSIS,0
OSM,0
OSN,1
OSTK,206
OSUR,0
OTEL,0
OTEX,0
OTIC,6
OTIV,0
OTTR,0
OUTR,0
OVAS,0
OVBC,0
OVLY,0
OVTI,0
OXBR,2
OXBRW,0
OXFD,0
OXGN,0
OXLC,0
OXLCN,0
OXLCO,0
OXLCP,0
OZRK,0
PAAS,1
PACB,0
PACW,0
PAGG,0
PAHC,0
PANL,0
PARN,0
PATIV,0
PATK,0
PAYX,0
PBCP,0
PBCT,11
PBHC,0
PBIB,0
PBIP,0
PBMD,0
PBPB,0
PBSK,0
PCAR,0
PCBK,0
PCCC,0
PCH,2
PCLN,0
PCMI,0
PCO,0
PCOM,0
PCRX,0
PCTI,0
PCTY,0
PCYC,0
PCYG,0
PCYO,0
PDBC,0
PDCE,1
PDCO,1
PDEX,0
PDFS,0
PDII,0
PDLI,0
PEBK,0
PEBO,2
PEGA,0
PEGI,0
PEIX,2
PENN,1
PENX,0
PEOP,0
PERF,0
PERI,0
PERY,0
PESI,0
PETM,0
PETS,1
PETX,4
PFBC,0
PFBI,0
PFBX,0
PFIE,1
PFIN,0
PFIS,0
PFLT,0
PFMT,0
PFPT,0
PFSW,1
PGC,1
PGNX,2
PGTI,0
PHII,1
PHIIK,1
PHMD,0
PICO,0
PIH,0
PINC,0
PKBK,0
PKOH,0
PKT,0
PLAB,0
PLAY,20
PLBC,0
PLCE,1
PLCM,0
PLKI,0
PLMT,0
PLNR,0
PLPC,0
PLPM,0
PLTM,0
PLUG,11
PLUS,5
PLXS,0
PMBC,0
PMCS,0
PMD,0
PME,0
PMFG,0
PNBK,0
PNFP,0
PNNT,0
PNQI,0
PNRA,0
PNRG,0
PNTR,0
PODD,0
POOL,5
POPE,0
POWI,0
POWL,0
POZN,0
PPBI,0
PPC,1
PPHM,0
PPHMP,0
PPSI,0
PRAA,0
PRAH,0
PRAN,2
PRCP,0
PRFT,0
PRFZ,0
PRGN,0
PRGNL,0
PRGS,1
PRGX,0
PRIM,0
PRKR,0
PRLS,0
PRMW,0
PROV,0
PRPH,0
PRQR,0
PRSC,0
PRSS,0
PRTA,2
PRTK,2
PRTO,6
PRTS,0
PRXI,0
PRXL,0
PSAU,0
PSBH,0
PSCC,0
PSCD,0
PSCE,0
PSCF,0
PSCH,1
PSCI,0
PSCM,0
PSCT,0
PSCU,0
PSDV,0
PSEC,1
PSEM,0
PSIX,0
PSMT,0
PSTB,0
PSTI,3
PSTR,0
PSUN,0
PTBI,0
PTBIW,0
PTC,0
PTCT,0
PTEN,3
PTIE,12
PTLA,5
PTNR,0
PTNT,0
PTRY,0
PTSI,0
PTX,5
PULB,0
PVTB,0
PVTBP,0
PWOD,0
PWRD,0
PWX,0
PXLW,0
PZZA,27
QABA,0
QADA,0
QADB,0
QAT,0
QBAK,3
QCCO,0
QCLN,4
QCOM,39
QCRH,0
QDEL,0
QGEN,0
QINC,0
QIWI,5
QKLS,0
QLGC,0
QLIK,0
QLTI,0
QLTY,0
QLYS,0
QNST,4
QQEW,0
QQQ,132
QQQC,0
QQQX,0
QQXT,0
QRHC,0
QRVO,10
QSII,0
QTEC,0
QTNT,0
QTNTW,0
QTWW,0
QUIK,0
QUMU,0
QUNR,0
QURE,1
QVCA,0
QVCB,0
QYLD,0
RADA,0
RAIL,0
RAND,2
RARE,5
RAVE,1
RAVN,0
RBCAA,0
RBCN,0
RBPAA,0
RCII,4
RCKY,2
RCMT,0
RCON,3
RCPI,0
RCPT,0
RDCM,0
RDEN,0
RDHL,1
RDI,1
RDIB,0
RDNT,0
RDUS,0
RDVY,0
RDWR,0
RECN,0
REDF,0
REFR,0
REGI,0
REGN,1
REIS,0
RELL,0
RELV,0
REMY,0
RENT,0
REPH,0
RESN,0
REXI,0
REXX,0
RFIL,2
RGCO,0
RGDO,0
RGDX,0
RGEN,0
RGLD,2
RGLS,9
RGSE,7
RIBT,1
RIBTW,0
RICK,10
RIGL,1
RITT,0
RITTW,0
RIVR,0
RJET,0
RLJE,0
RLOC,0
RLOG,0
RLYP,0
RMBS,0
RMCF,0
RMGN,0
RMTI,0
RNA,0
RNET,1
RNST,0
RNWK,0
ROBO,1
ROCK,3
ROIA,0
ROIAK,0
ROIC,0
ROIQ,0
ROIQU,0
ROIQW,0
ROKA,1
ROLL,5
ROSE,1
ROSG,0
ROST,0
ROVI,0
ROYL,0
RP,0
RPRX,0
RPRXW,0
RPRXZ,0
RPTP,0
RPXC,1
RRD,2
RRGB,2
RRST,0
RSTI,0
RSYS,0
RTGN,0
RTIX,0
RTK,0
RTRX,81
RUSHA,0
RUSHB,0
RUTH,0
RVBD,0
RVLT,7
RVNC,0
RVSB,0
RWLK,31
RXDX,1
RXII,5
RYAAY,0
SAAS,0
SABR,4
SAEX,31
SAFM,0
SAFT,1
SAGE,3
SAIA,0
SAJA,0
SAL,0
SALE,6
SALM,0
SAMG,0
SANM,1
SANW,0
SANWZ,0
SAPE,0
SASR,0
SATS,0
SAVE,4
SBAC,0
SBBX,0
SBCF,0
SBCP,0
SBFG,0
SBGI,2
SBLK,0
SBLKL,0
SBNY,0
SBNYW,0
SBRA,1
SBRAP,0
SBSA,0
SBSI,0
SBUX,90
SCAI,0
SCHL,0
SCHN,0
SCLN,0
SCMP,1
SCOK,0
SCON,0
SCOR,0
SCSC,0
SCSS,0
SCTY,2
SCVL,1
SCYX,6
SEAC,1
SEED,3
SEIC,0
SEMI,0
SENEA,0
SENEB,0
SEV,0
SFBC,0
SFBS,0
SFLY,2
SFM,1
SFNC,0
SFST,0
SFXE,0
SGBK,0
SGC,0
SGEN,0
SGI,0
SGMA,0
SGMO,6
SGMS,0
SGNL,0
SGNT,0
SGOC,0
SGRP,1
SGYP,8
SGYPU,0
SGYPW,0
SHBI,0
SHEN,0
SHIP,6
SHLD,25
SHLDW,0
SHLM,0
SHLO,0
SHOO,2
SHOR,0
SHOS,0
SHPG,0
SIAL,0
SIBC,0
SIEB,0
SIEN,0
SIFI,0
SIFY,1
SIGA,0
SIGI,0
SIGM,0
SILC,0
SIMG,0
SIMO,0
SINA,1
SINO,1
SIRI,29
SIRO,0
SIVB,0
SIVBO,0
SIXD,0
SKBI,0
SKIS,0
SKOR,0
SKUL,0
SKYS,5
SKYW,1
SKYY,0
SLAB,0
SLCT,0
SLGN,0
SLM,0
SLMAP,0
SLMBP,0
SLP,0
SLRC,0
SLTC,0
SLVO,0
SLXP,0
SMAC,0
SMACR,0
SMACU,0
SMBC,0
SMCI,1
SMED,0
SMIT,0
SMLR,0
SMMF,0
SMPL,0
SMRT,17
SMSI,5
SMT,1
SMTC,0
SMTP,0
SMTX,0
SNAK,0
SNBC,0
SNC,0
SNCR,0
SNDK,0
SNFCA,0
SNHY,0
SNMX,0
SNPS,0
SNSS,1
SNTA,0
SOCB,0
SOCL,1
SODA,2
SOFO,0
SOHO,0
SOHOL,0
SOHOM,0
SOHU,1
SONA,0
SONC,1
SONS,0
SORL,11
SOXX,7
SP,12
SPAN,0
SPAR,4
SPCB,2
SPDC,0
SPEX,8
SPHS,2
SPIL,0
SPKE,1
SPLK,5
SPLS,0
SPNC,0
SPNS,0
SPOK,0
SPPI,1
SPPR,0
SPPRO,0
SPPRP,0
SPRO,0
SPRT,0
SPSC,0
SPTN,0
SPU,0
SPWH,1
SPWR,5
SQBG,0
SQBK,0
SQI,0
SQNM,0
SQQQ,1350
SRCE,0
SRCL,0
SRDX,0
SREV,0
SRNE,8
SRPT,0
SRSC,0
SSB,0
SSBI,0
SSFN,0
SSH,0
SSNC,0
SSRG,0
SSRI,0
SSYS,1
STAA,0
STB,0
STBA,0
STBZ,0
STCK,0
STEM,0
STFC,0
STKL,0
STLD,2
STLY,0
STML,0
STMP,12
STNR,0
STPP,0
STRA,0
STRL,0
STRM,0
STRN,0
STRS,0
STRT,0
STRZA,0
STRZB,0
STX,2
STXS,0
SUBK,0
SUMR,0
SUNS,0
SUPN,0
SURG,0
SUSQ,0
SUTR,0
SVA,1
SVBI,0
SVVC,0
SWHC,1
SWIR,0
SWKS,0
SWSH,0
SYBT,0
SYKE,0
SYMC,10
SYMX,0
SYNA,0
SYNC,2
SYNL,0
SYNT,0
SYPR,0
SYRX,0
SYUT,0
SZMK,0
SZYM,0
TACT,0
TAIT,5
TAPR,0
TASR,0
TAST,1
TATT,0
TAX,2
TAXI,0
TAYD,0
TBBK,0
TBIO,0
TBK,0
TBNK,0
TBPH,0
TCBI,0
TCBIL,0
TCBIP,0
TCBIW,0
TCBK,0
TCCO,1
TCFC,0
TCPC,0
TCRD,0
TCX,0
TDIV,1
TEAR,0
TECD,0
TECH,4
TECU,0
TEDU,0
TENX,14
TERP,0
TESO,0
TESS,0
TFM,0
TFSC,0
TFSCR,0
TFSCU,0
TFSCW,0
TFSL,0
TGA,1
TGE,0
TGEN,0
TGLS,0
TGTX,5
THFF,0
THLD,0
THOR,0
THRM,0
THRX,0
THST,0
THTI,0
TICC,0
TIGR,1
TILE,0
TINY,1
TIPT,0
TISA,0
TITN,0
TIVO,0
TKAI,0
TKMR,0
TLF,0
TLMR,0
TLOG,0
TNAV,1
TNDM,747
TNGO,0
TNXP,21
TOPS,57
TORM,0
TOUR,0
TOWN,1
TQQQ,807
TRAK,0
TRCB,0
TRCH,0
TREE,3
TRGT,0
TRIB,0
TRIL,0
TRIP,2
TRIV,0
TRMB,0
TRMK,0
TRNS,0
TRNX,2
TROV,7
TROVU,0
TROVW,0
TROW,0
TRS,0
TRST,0
TRTL,0
TRTLU,0
TRTLW,0
TRUE,11
TRVN,10
TSBK,0
TSC,1
TSCO,0
TSEM,0
TSLA,2307
TSRA,0
TSRE,0
TSRI,0
TSRO,3
TST,4
TSYS,0
TTEC,1
TTEK,0
TTGT,1
TTHI,0
TTMI,1
TTOO,5
TTPH,7
TTS,5
TTWO,18
TUBE,0
TUES,4
TUSA,0
TVIX,956
TVIZ,8
TWER,0
TWIN,1
TWMC,0
TWOU,2
TXN,3
TXRH,2
TYPE,4
TZOO,1
UACL,0
UAE,10
UBCP,0
UBFO,0
UBIC,0
UBNK,0
UBNT,1
UBOH,0
UBSH,0
UBSI,0
UCBA,0
UCBI,0
UCFC,0
UCTT,11
UDF,0
UEIC,0
UEPS,0
UFCS,0
UFPI,0
UFPT,0
UG,5
UGLD,17
UHAL,0
UIHC,0
ULBI,0
ULTA,6
ULTI,0
ULTR,0
UMBF,0
UMPQ,1
UNAM,0
UNB,0
UNFI,0
UNIS,0
UNTD,0
UNTY,0
UNXL,0
UPI,0
UPIP,0
UPLD,0
URBN,1
URRE,0
USAK,2
USAP,0
USAT,6
USATP,0
USBI,0
USCR,0
USEG,1
USLM,0
USLV,396
USMD,0
USTR,1
UTEK,0
UTHR,0
UTIW,0
UTMD,0
UTSI,0
UVSP,0
VA,26
VALU,0
VALX,0
VASC,0
VBFC,0
VBIV,4
VBLT,1
VBND,0
VBTX,0
VCEL,4
VCIT,0
VCLT,0
VCSH,0
VCYT,2
VDSI,0
VECO,1
VGGL,0
VGIT,0
VGLT,0
VGSH,0
VIA,0
VIAB,2
VIAS,0
VICL,3
VICR,0
VIDE,0
VIDI,0
VIEW,4
VIIX,1
VIIZ,0
VIMC,0
VIP,6
VIRC,0
VISN,0
VIVO,0
VLCCF,0
VLGEA,0
VLTC,0
VLYWW,0
VMBS,0
VNDA,1
VNET,1
VNOM,5
VNQI,0
VNR,0
VNRAP,0
VNRBP,0
VNRCP,0
VOD,1
VOLC,0
VONE,0
VONG,0
VONV,0
VOXX,0
VPCO,0
VRA,10
VRML,0
VRNG,0
VRNGW,0
VRNS,0
VRNT,0
VRSK,0
VRSN,0
VRTA,0
VRTB,0
VRTS,0
VRTU,0
VRTX,0
VSAR,0
VSAT,0
VSCI,0
VSCP,0
VSEC,0
VSTM,14
VTAE,0
VTHR,0
VTIP,0
VTL,6
VTNR,0
VTSS,0
VTWG,0
VTWO,0
VTWV,0
VUSE,0
VVUS,2
VWOB,0
VWR,0
VXUS,0
VYFC,0
WABC,0
WAFD,0
WAFDW,0
WASH,2
WATT,38
WAVX,0
WAYN,0
WB,13
WBA,4
WBB,0
WBKC,0
WBMD,0
WDC,4
WDFC,0
WEBK,0
WEN,4
WERN,2
WETF,0
WEYS,0
WFBI,0
WFD,0
WFM,0
WGBS,0
WHF,0
WHFBL,0
WHLM,0
WHLR,2
WHLRP,0
WHLRW,0
WIBC,0
WIFI,8
WILC,0
WILN,0
WIN,14
WINA,0
WIRE,0
WIX,1
WLB,1
WLBPZ,0
WLDN,0
WLFC,0
WLRH,0
WLRHU,0
WLRHW,0
WMAR,0
WMGI,0
WMGIZ,0
WOOD,5
WOOF,1
WPCS,0
WPPGY,0
WPRT,4
WRES,0
WRLD,0
WSBC,0
WSBF,0
WSCI,0
WSFS,0
WSFSL,0
WSTC,0
WSTG,0
WSTL,0
WTBA,0
WTFC,0
WTFCW,0
WTSL,0
WVFC,0
WVVI,0
WWD,1
WWWW,0
WYNN,41
XBKS,0
XCRA,0
XENE,0
XENT,0
XGTI,0
XGTIW,0
XIV,10
XLNX,3
XLRN,0
XNCR,2
XNET,5
XNPT,0
XOMA,0
XONE,0
XOOM,0
XPLR,0
XRAY,0
XTLB,1
XXIA,0
YDIV,0
YDLE,0
YHOO,0
YNDX,2
YOD,0
YORW,0
YPRO,0
YRCW,1
YY,9
Z,68
ZAGG,2
ZAZA,0
ZBRA,0
ZEUS,0
ZFGN,3
ZGNX,1
ZHNE,0
ZINC,0
ZION,0
ZIONW,0
ZIONZ,0
ZIOP,0
ZIV,1
ZIXI,7
ZLTQ,0
ZN,5
ZNGA,7
ZSPH,0
ZU,0
ZUMZ,0
